kind,category,name,person_id,our_dob,wd_dob,wd_precision,candidate_qid,url,suggested_action
FIX-SAFE,verify-dob-single-search,Bùi Minh Châu,person-2483601c9ee8,1961-10-25,1961-01-01,9,Q47506344,https://www.wikidata.org/wiki/Q47506344,"upgrade 1961-01-01(prec 9) -> 1961-10-25; same year — safe, like Phan Văn Giang"
FIX-SAFE,verify-dob-single-search,Bùi Thanh Sơn,person-2949d4901655,1962-10-16,1962-01-01,9,Q30921853,https://www.wikidata.org/wiki/Q30921853,"upgrade 1962-01-01(prec 9) -> 1962-10-16; same year — safe, like Phan Văn Giang"
FIX-SAFE,verify-dob-single-pool,Bùi Văn Cường,person-50846a98640d,1965-06-18,1965-01-01,9,Q10742852,https://www.wikidata.org/wiki/Q10742852,"upgrade 1965-01-01(prec 9) -> 1965-06-18; same year — safe, like Phan Văn Giang"
FIX-SAFE,verify-dob-single-pool,Cao Thị Xuân,person-59b67de2a2df,1969-09-18,1969-01-01,9,Q10744274,https://www.wikidata.org/wiki/Q10744274,"upgrade 1969-01-01(prec 9) -> 1969-09-18; same year — safe, like Phan Văn Giang"
FIX-SAFE,verify-dob-single-search,Châu Quỳnh Dao,person-bf0cb8c82b94,1977-05-18,1977-01-01,9,Q47506307,https://www.wikidata.org/wiki/Q47506307,"upgrade 1977-01-01(prec 9) -> 1977-05-18; same year — safe, like Phan Văn Giang"
FIX-SAFE,verify-dob-single-search,Dương Minh Ánh,person-bd908524c841,1975-09-01,1975-00-00,9,Q24959119,https://www.wikidata.org/wiki/Q24959119,"upgrade 1975-00-00(prec 9) -> 1975-09-01; same year — safe, like Phan Văn Giang"
FIX-SAFE,verify-dob-single-search,Giàng Páo Mỷ,person-8b24c0b4b7ae,1963-12-22,1963-01-01,9,Q47506315,https://www.wikidata.org/wiki/Q47506315,"upgrade 1963-01-01(prec 9) -> 1963-12-22; same year — safe, like Phan Văn Giang"
FIX-SAFE,verify-dob-single-search,Hoàng Duy Chinh,person-9864742fbc3c,1968-09-15,1968-01-01,9,Q30921831,https://www.wikidata.org/wiki/Q30921831,"upgrade 1968-01-01(prec 9) -> 1968-09-15; same year — safe, like Phan Văn Giang"
FIX-SAFE,verify-dob-single-search,Hoàng Thị Thúy Lan,person-6c67c1f1b13f,1966-05-06,1966-01-01,9,Q24957812,https://www.wikidata.org/wiki/Q24957812,"upgrade 1966-01-01(prec 9) -> 1966-05-06; same year — safe, like Phan Văn Giang"
FIX-SAFE,verify-dob-single-search,Hoàng Văn Liên,person-c4036c91523d,1965-08-19,1965-01-01,9,Q47506328,https://www.wikidata.org/wiki/Q47506328,"upgrade 1965-01-01(prec 9) -> 1965-08-19; same year — safe, like Phan Văn Giang"
FIX-SAFE,verify-dob-single-search,Hoàng Đức Thắng,person-dceb2f1c9837,1964-11-12,1964-01-01,9,Q30921761,https://www.wikidata.org/wiki/Q30921761,"upgrade 1964-01-01(prec 9) -> 1964-11-12; same year — safe, like Phan Văn Giang"
FIX-SAFE,verify-dob-single-search,Huỳnh Minh Tuấn,person-ef2b94e145ab,1980-10-10,1980-01-01,9,Q30922152,https://www.wikidata.org/wiki/Q30922152,"upgrade 1980-01-01(prec 9) -> 1980-10-10; same year — safe, like Phan Văn Giang"
FIX-SAFE,verify-dob-single-search,Huỳnh Thành Chung,person-4b81cf3154c1,1968-08-21,1968-01-01,9,Q30921238,https://www.wikidata.org/wiki/Q30921238,"upgrade 1968-01-01(prec 9) -> 1968-08-21; same year — safe, like Phan Văn Giang"
FIX-SAFE,verify-dob-single-pool,Hà Sỹ Đồng,person-ffd2157de4bc,1964-01-18,1964-01-01,9,Q10770580,https://www.wikidata.org/wiki/Q10770580,"upgrade 1964-01-01(prec 9) -> 1964-01-18; same year — safe, like Phan Văn Giang"
FIX-SAFE,verify-dob-single-pool,Hồ Đức Phớc,person-8040275019e4,1963-11-01,1963-01-01,9,Q16157242,https://www.wikidata.org/wiki/Q16157242,"upgrade 1963-01-01(prec 9) -> 1963-11-01; same year — safe, like Phan Văn Giang"
FIX-SAFE,verify-dob-single-search,Khuất Việt Dũng,person-5336b648e589,1959-01-31,1959-01-01,9,Q20025821,https://www.wikidata.org/wiki/Q20025821,"upgrade 1959-01-01(prec 9) -> 1959-01-31; same year — safe, like Phan Văn Giang"
FIX-SAFE,verify-dob-single-search,Leo Thị Lịch,person-d4cd86bef295,1969-09-23,1969-01-01,9,Q30921843,https://www.wikidata.org/wiki/Q30921843,"upgrade 1969-01-01(prec 9) -> 1969-09-23; same year — safe, like Phan Văn Giang"
FIX-SAFE,verify-dob-single-pool,Lê Kim Toàn,person-6e77584be8cb,1965-05-05,1965-01-01,9,Q10787700,https://www.wikidata.org/wiki/Q10787700,"upgrade 1965-01-01(prec 9) -> 1965-05-05; same year — safe, like Phan Văn Giang"
FIX-SAFE,verify-dob-single-search,Lê Minh Chuẩn,person-8cfacf2f0845,1965-04-02,1965-01-01,9,Q47506363,https://www.wikidata.org/wiki/Q47506363,"upgrade 1965-01-01(prec 9) -> 1965-04-02; same year — safe, like Phan Văn Giang"
FIX-SAFE,verify-dob-single-pool,Lê Minh Hoan,person-38fb66aebce8,1961-01-19,1961-01-01,9,Q16157439,https://www.wikidata.org/wiki/Q16157439,"upgrade 1961-01-01(prec 9) -> 1961-01-19; same year — safe, like Phan Văn Giang"
FIX-SAFE,verify-dob-single-pool,Lê Quang Huy,person-487c77d65d26,1966-09-19,1966-01-01,9,Q10787782,https://www.wikidata.org/wiki/Q10787782,"upgrade 1966-01-01(prec 9) -> 1966-09-19; same year — safe, like Phan Văn Giang"
FIX-SAFE,verify-dob-single-pool,Lê Thanh Vân,person-71fd02aa8b30,1964-12-23,1964-01-01,9,Q10787819,https://www.wikidata.org/wiki/Q10787819,"upgrade 1964-01-01(prec 9) -> 1964-12-23; same year — safe, like Phan Văn Giang"
FIX-SAFE,verify-dob-single-pool,Lê Thị Nga,person-c8d12b1a7ac9,1964-12-20,1964-01-01,9,Q10787854,https://www.wikidata.org/wiki/Q10787854,"upgrade 1964-01-01(prec 9) -> 1964-12-20; same year — safe, like Phan Văn Giang"
FIX-SAFE,verify-dob-single-search,Lê Trường Lưu,person-fc9d2bf09d8d,1963-01-23,1963-01-01,9,Q24957825,https://www.wikidata.org/wiki/Q24957825,"upgrade 1963-01-01(prec 9) -> 1963-01-23; same year — safe, like Phan Văn Giang"
FIX-SAFE,verify-dob-single-search,Lê Tấn Tới,person-375a2d8b0b4e,1969-04-04,1969-01-01,9,Q30921860,https://www.wikidata.org/wiki/Q30921860,"upgrade 1969-01-01(prec 9) -> 1969-04-04; same year — safe, like Phan Văn Giang"
FIX-SAFE,verify-dob-single-pool,Lê Xuân Thân,person-fc985555dfd8,1961-05-02,1961-01-01,9,Q10787962,https://www.wikidata.org/wiki/Q10787962,"upgrade 1961-01-01(prec 9) -> 1961-05-02; same year — safe, like Phan Văn Giang"
FIX-SAFE,verify-dob-single-search,Lại Xuân Môn,person-bae701cb286e,1963-11-29,1963-01-01,9,Q30921862,https://www.wikidata.org/wiki/Q30921862,"upgrade 1963-01-01(prec 9) -> 1963-11-29; same year — safe, like Phan Văn Giang"
FIX-SAFE,verify-dob-single-search,Ma Thị Thúy,person-85c5f4594b62,1978-10-03,1978-01-01,9,Q30921967,https://www.wikidata.org/wiki/Q30921967,"upgrade 1978-01-01(prec 9) -> 1978-10-03; same year — safe, like Phan Văn Giang"
FIX-SAFE,verify-dob-single-search,Mai Thị Phương Hoa,person-b7ead9912134,1971-11-25,1971-01-01,9,Q47506330,https://www.wikidata.org/wiki/Q47506330,"upgrade 1971-01-01(prec 9) -> 1971-11-25; same year — safe, like Phan Văn Giang"
FIX-SAFE,verify-dob-single-search,Nguyễn Anh Trí,person-d66ab231f5a5,1957-09-14,1957-01-01,9,Q30920721,https://www.wikidata.org/wiki/Q30920721,"upgrade 1957-01-01(prec 9) -> 1957-09-14; same year — safe, like Phan Văn Giang"
FIX-SAFE,verify-dob-single-pool,Nguyễn Cao Sơn,person-c2951006a088,1969-05-09,1969-01-01,9,Q10798991,https://www.wikidata.org/wiki/Q10798991,"upgrade 1969-01-01(prec 9) -> 1969-05-09; same year — safe, like Phan Văn Giang"
FIX-SAFE,verify-dob-single-search,Nguyễn Hoàng Mai,person-51075593f141,1965-05-03,1965-01-01,9,Q30922053,https://www.wikidata.org/wiki/Q30922053,"upgrade 1965-01-01(prec 9) -> 1965-05-03; same year — safe, like Phan Văn Giang"
FIX-SAFE,verify-dob-single-search,Nguyễn Hải Hưng,person-b577d3510a36,1966-03-22,1966-01-01,9,Q47506288,https://www.wikidata.org/wiki/Q47506288,"upgrade 1966-01-01(prec 9) -> 1966-03-22; same year — safe, like Phan Văn Giang"
FIX-SAFE,verify-dob-single-search,Nguyễn Khắc Định,person-d066c9a5d5a6,1964-01-03,1964-01-01,9,Q30920504,https://www.wikidata.org/wiki/Q30920504,"upgrade 1964-01-01(prec 9) -> 1964-01-03; same year — safe, like Phan Văn Giang"
FIX-SAFE,verify-dob-single-pool,Nguyễn Mạnh Tiến,person-72d1bfe5be79,1966-05-21,1966-01-01,9,Q10799303,https://www.wikidata.org/wiki/Q10799303,"upgrade 1966-01-01(prec 9) -> 1966-05-21; same year — safe, like Phan Văn Giang"
FIX-SAFE,verify-dob-single-search,Nguyễn Như So,person-a3d13b223a9d,1957-08-23,1957-01-01,9,Q30921827,https://www.wikidata.org/wiki/Q30921827,"upgrade 1957-01-01(prec 9) -> 1957-08-23; same year — safe, like Phan Văn Giang"
FIX-SAFE,verify-dob-single-pool,Nguyễn Phi Thường,person-4dff315c331d,1971-05-07,1971-01-01,9,Q10799382,https://www.wikidata.org/wiki/Q10799382,"upgrade 1971-01-01(prec 9) -> 1971-05-07; same year — safe, like Phan Văn Giang"
FIX-SAFE,verify-dob-single-search,Nguyễn Phương Tuấn,person-26eced14feb6,1975-03-20,1975-01-01,9,Q47506336,https://www.wikidata.org/wiki/Q47506336,"upgrade 1975-01-01(prec 9) -> 1975-03-20; same year — safe, like Phan Văn Giang"
FIX-SAFE,verify-dob-single-search,Nguyễn Quốc Hận,person-d5cd3ca624e3,1965-02-17,1965-01-01,9,Q30921706,https://www.wikidata.org/wiki/Q30921706,"upgrade 1965-01-01(prec 9) -> 1965-02-17; same year — safe, like Phan Văn Giang"
FIX-SAFE,verify-dob-single-pool,Nguyễn Thanh Phương,person-c3bb9bca8d77,1965-04-03,1965-01-01,9,Q10799494,https://www.wikidata.org/wiki/Q10799494,"upgrade 1965-01-01(prec 9) -> 1965-04-03; same year — safe, like Phan Văn Giang"
FIX-SAFE,verify-dob-single-pool,Nguyễn Thị Kim Bé,person-2e2d29509887,1968-09-10,1968-01-01,9,Q10799634,https://www.wikidata.org/wiki/Q10799634,"upgrade 1968-01-01(prec 9) -> 1968-09-10; same year — safe, like Phan Văn Giang"
FIX-SAFE,verify-dob-single-search,Nguyễn Thị Lệ Thủy,person-541458f7b6c4,1968-01-31,1968-01-01,9,Q30921867,https://www.wikidata.org/wiki/Q30921867,"upgrade 1968-01-01(prec 9) -> 1968-01-31; same year — safe, like Phan Văn Giang"
FIX-SAFE,verify-dob-single-search,Nguyễn Thị Minh Trang,person-d5a8ae369a0c,1979-05-16,1979-01-01,9,Q30921952,https://www.wikidata.org/wiki/Q30921952,"upgrade 1979-01-01(prec 9) -> 1979-05-16; same year — safe, like Phan Văn Giang"
FIX-SAFE,verify-dob-single-pool,Nguyễn Thị Tuyết Nga,person-81bdf896670d,1971-04-26,1971-01-01,9,Q10799726,https://www.wikidata.org/wiki/Q10799726,"upgrade 1971-01-01(prec 9) -> 1971-04-26; same year — safe, like Phan Văn Giang"
FIX-SAFE,verify-dob-single-search,Nguyễn Thị Việt Nga,person-3cdc87d51d03,1976-09-29,1976-01-01,9,Q47506289,https://www.wikidata.org/wiki/Q47506289,"upgrade 1976-01-01(prec 9) -> 1976-09-29; same year — safe, like Phan Văn Giang"
FIX-SAFE,verify-dob-single-search,Nguyễn Đình Khang,person-fb2c29f023a5,1967-05-23,1967-01-01,9,Q30919781,https://www.wikidata.org/wiki/Q30919781,"upgrade 1967-01-01(prec 9) -> 1967-05-23; same year — safe, like Phan Văn Giang"
FIX-SAFE,verify-dob-single-pool,Nguyễn Đức Hải,person-c790904e5d1e,1961-07-29,1961-01-01,9,Q10800176,https://www.wikidata.org/wiki/Q10800176,"upgrade 1961-01-01(prec 9) -> 1961-07-29; same year — safe, like Phan Văn Giang"
FIX-SAFE,verify-dob-single-search,Ngô Thanh Danh,person-f5035869a3cc,1965-10-20,1965-01-01,9,Q30922077,https://www.wikidata.org/wiki/Q30922077,"upgrade 1965-01-01(prec 9) -> 1965-10-20; same year — safe, like Phan Văn Giang"
FIX-SAFE,verify-dob-single-search,Phan Huỳnh Sơn,person-d818a8e6e7b7,1963-01-01,1963-01-01,9,Q30921745,https://www.wikidata.org/wiki/Q30921745,"upgrade 1963-01-01(prec 9) -> 1963-01-01; same year — safe, like Phan Văn Giang"
FIX-SAFE,verify-dob-single-search,Phan Thái Bình,person-b0e2b2af1c51,1974-08-12,1974-01-01,9,Q47506357,https://www.wikidata.org/wiki/Q47506357,"upgrade 1974-01-01(prec 9) -> 1974-08-12; same year — safe, like Phan Văn Giang"
FIX-SAFE,verify-dob-single-search,Phan Thị Mỹ Dung,person-a251fbbc09bc,1974-11-28,1974-01-01,9,Q47506327,https://www.wikidata.org/wiki/Q47506327,"upgrade 1974-01-01(prec 9) -> 1974-11-28; same year — safe, like Phan Văn Giang"
FIX-SAFE,verify-dob-single-search,Phan Văn Mãi,person-ae4ca6655d6b,1973-02-25,1973-01-01,9,Q24958694,https://www.wikidata.org/wiki/Q24958694,"upgrade 1973-01-01(prec 9) -> 1973-02-25; same year — safe, like Phan Văn Giang"
FIX-SAFE,verify-dob-single-pool,Phan Xuân Dũng,person-f6d100dc1b77,1960-05-20,1960-01-01,9,Q10805139,https://www.wikidata.org/wiki/Q10805139,"upgrade 1960-01-01(prec 9) -> 1960-05-20; same year — safe, like Phan Văn Giang"
FIX-SAFE,verify-dob-single-pool,Phan Đình Trạc,person-bfff39afb603,1958-08-25,1958-01-01,9,Q10805156,https://www.wikidata.org/wiki/Q10805156,"upgrade 1958-01-01(prec 9) -> 1958-08-25; same year — safe, like Phan Văn Giang"
FIX-SAFE,verify-dob-single-search,Phạm Như Hiệp,person-fbb16e5f908f,1965-08-10,1965-01-01,9,Q30922040,https://www.wikidata.org/wiki/Q30922040,"upgrade 1965-01-01(prec 9) -> 1965-08-10; same year — safe, like Phan Văn Giang"
FIX-SAFE,verify-dob-single-search,Phạm Văn Hòa,person-09ec16fa2d35,1962-10-02,1962-01-01,9,Q47506280,https://www.wikidata.org/wiki/Q47506280,"upgrade 1962-01-01(prec 9) -> 1962-10-02; same year — safe, like Phan Văn Giang"
FIX-SAFE,verify-dob-single-search,Phạm Đình Toản,person-4f9721662f42,1966-05-26,1966-01-01,9,Q47506304,https://www.wikidata.org/wiki/Q47506304,"upgrade 1966-01-01(prec 9) -> 1966-05-26; same year — safe, like Phan Văn Giang"
FIX-SAFE,verify-dob-single-search,Quàng Văn Hương,person-f5f331d04fe8,1969-07-03,1969-01-01,9,Q47506367,https://www.wikidata.org/wiki/Q47506367,"upgrade 1969-01-01(prec 9) -> 1969-07-03; same year — safe, like Phan Văn Giang"
FIX-SAFE,verify-dob-single-pool,Thái Thị An Chung,person-4c1ff8c27b40,1973-11-10,1973-01-01,9,Q10825772,https://www.wikidata.org/wiki/Q10825772,"upgrade 1973-01-01(prec 9) -> 1973-11-10; same year — safe, like Phan Văn Giang"
FIX-SAFE,verify-dob-single-search,Thạch Phước Bình,person-4a3ddb8aad38,1978-09-28,1978-01-01,9,Q30922023,https://www.wikidata.org/wiki/Q30922023,"upgrade 1978-01-01(prec 9) -> 1978-09-28; same year — safe, like Phan Văn Giang"
FIX-SAFE,verify-dob-single-search,Triệu Thế Hùng,person-2823b78fbb4d,1971-08-14,1971-01-01,9,Q47506322,https://www.wikidata.org/wiki/Q47506322,"upgrade 1971-01-01(prec 9) -> 1971-08-14; same year — safe, like Phan Văn Giang"
FIX-SAFE,verify-dob-single-search,Triệu Thị Huyền,person-21adf6dfdae4,1992-03-23,1992-01-01,9,Q24959158,https://www.wikidata.org/wiki/Q24959158,"upgrade 1992-01-01(prec 9) -> 1992-03-23; same year — safe, like Phan Văn Giang"
FIX-SAFE,verify-dob-single-pool,Trương Thị Mai,person-853a9729d9fa,1958-01-23,1958-00-00,9,Q10828738,https://www.wikidata.org/wiki/Q10828738,"upgrade 1958-00-00(prec 9) -> 1958-01-23; same year — safe, like Phan Văn Giang"
FIX-SAFE,verify-dob-single-search,Trần Cẩm Tú,person-a72d99c1bd97,1961-08-25,1961-01-01,9,Q10829281,https://www.wikidata.org/wiki/Q10829281,"upgrade 1961-01-01(prec 9) -> 1961-08-25; same year — safe, like Phan Văn Giang"
FIX-SAFE,verify-dob-single-pool,Trần Hoàng Ngân,person-1b90489a6deb,1964-10-26,1964-01-01,9,Q10829301,https://www.wikidata.org/wiki/Q10829301,"upgrade 1964-01-01(prec 9) -> 1964-10-26; same year — safe, like Phan Văn Giang"
FIX-SAFE,verify-dob-single-search,Trần Hồng Nguyên,person-605a0ba8e9f2,1969-05-26,1969-01-01,9,Q30921901,https://www.wikidata.org/wiki/Q30921901,"upgrade 1969-01-01(prec 9) -> 1969-05-26; same year — safe, like Phan Văn Giang"
FIX-SAFE,verify-dob-single-pool,Trần Hữu Hậu,person-ee511487450b,1960-10-09,1960-01-01,9,Q10829332,https://www.wikidata.org/wiki/Q10829332,"upgrade 1960-01-01(prec 9) -> 1960-10-09; same year — safe, like Phan Văn Giang"
FIX-SAFE,verify-dob-single-search,Trần Kim Yến,person-126db4673878,1969-08-03,1969-01-01,9,Q30921328,https://www.wikidata.org/wiki/Q30921328,"upgrade 1969-01-01(prec 9) -> 1969-08-03; same year — safe, like Phan Văn Giang"
FIX-SAFE,verify-dob-single-search,Trần Ngọc Khánh,person-679600f8fca9,1964-11-14,1964-01-01,9,Q30920689,https://www.wikidata.org/wiki/Q30920689,"upgrade 1964-01-01(prec 9) -> 1964-11-14; same year — safe, like Phan Văn Giang"
FIX-SAFE,verify-dob-single-search,Trần Quang Phương,person-0a56281267cf,1961-05-06,1961-01-01,9,Q24956399,https://www.wikidata.org/wiki/Q24956399,"upgrade 1961-01-01(prec 9) -> 1961-05-06; same year — safe, like Phan Văn Giang"
FIX-SAFE,verify-dob-single-search,Trần Quốc Nam,person-1275f43f332f,1971-12-27,1971-00-00,9,Q107265355,https://www.wikidata.org/wiki/Q107265355,"upgrade 1971-00-00(prec 9) -> 1971-12-27; same year — safe, like Phan Văn Giang"
FIX-SAFE,verify-dob-single-pool,Trần Thị Diệu Thúy,person-95e30304160b,1977-03-08,1977-01-01,9,Q10829504,https://www.wikidata.org/wiki/Q10829504,"upgrade 1977-01-01(prec 9) -> 1977-03-08; same year — safe, like Phan Văn Giang"
FIX-SAFE,verify-dob-single-search,Tô Thị Bích Châu,person-26f1dccddc65,1969-06-01,1969-01-01,9,Q30921323,https://www.wikidata.org/wiki/Q30921323,"upgrade 1969-01-01(prec 9) -> 1969-06-01; same year — safe, like Phan Văn Giang"
FIX-SAFE,verify-dob-single-pool,Tô Văn Tám,person-4fa6ed1c93ce,1963-10-10,1963-01-01,9,Q10831212,https://www.wikidata.org/wiki/Q10831212,"upgrade 1963-01-01(prec 9) -> 1963-10-10; same year — safe, like Phan Văn Giang"
FIX-SAFE,verify-dob-single-search,Tô Ái Vang,person-34c6f959b688,1975-05-29,1975-01-01,9,Q47506365,https://www.wikidata.org/wiki/Q47506365,"upgrade 1975-01-01(prec 9) -> 1975-05-29; same year — safe, like Phan Văn Giang"
FIX-SAFE,verify-dob-single-search,U Huấn,person-a7688fad5657,1980-01-22,1980-00-00,9,Q109672424,https://www.wikidata.org/wiki/Q109672424,"upgrade 1980-00-00(prec 9) -> 1980-01-22; same year — safe, like Phan Văn Giang"
FIX-SAFE,verify-dob-single-search,Văn Thị Bạch Tuyết,person-0a53a1ce07e3,1976-06-16,1976-01-01,9,Q30921330,https://www.wikidata.org/wiki/Q30921330,"upgrade 1976-01-01(prec 9) -> 1976-06-16; same year — safe, like Phan Văn Giang"
FIX-SAFE,verify-dob-single-search,Vũ Hải Hà,person-e5591eed1e7d,1969-03-01,1969-01-01,9,Q30921776,https://www.wikidata.org/wiki/Q30921776,"upgrade 1969-01-01(prec 9) -> 1969-03-01; same year — safe, like Phan Văn Giang"
FIX-SAFE,verify-dob-single-search,Vũ Hồng Thanh,person-72fb61a58093,1962-04-19,1962-01-01,9,Q30921400,https://www.wikidata.org/wiki/Q30921400,"upgrade 1962-01-01(prec 9) -> 1962-04-19; same year — safe, like Phan Văn Giang"
FIX-SAFE,verify-dob-single-search,Y Vinh Tơr,person-19238f03a8f5,1976-08-16,1976-00-00,9,Q109679197,https://www.wikidata.org/wiki/Q109679197,"upgrade 1976-00-00(prec 9) -> 1976-08-16; same year — safe, like Phan Văn Giang"
FIX-SAFE,verify-dob-single-pool,Đinh Công Sỹ,person-9e31421f44a9,1979-11-25,1979-01-01,9,Q10840090,https://www.wikidata.org/wiki/Q10840090,"upgrade 1979-01-01(prec 9) -> 1979-11-25; same year — safe, like Phan Văn Giang"
FIX-SAFE,verify-dob-single-search,Điểu Huỳnh Sang,person-313764e52a82,1980-12-25,1980-01-01,9,Q30921892,https://www.wikidata.org/wiki/Q30921892,"upgrade 1980-01-01(prec 9) -> 1980-12-25; same year — safe, like Phan Văn Giang"
FIX-SAFE,verify-dob-single-search,Đoàn Thị Hảo,person-59b7154e702a,1966-12-28,1966-01-01,9,Q30921730,https://www.wikidata.org/wiki/Q30921730,"upgrade 1966-01-01(prec 9) -> 1966-12-28; same year — safe, like Phan Văn Giang"
FIX-SAFE,verify-dob-single-search,Đoàn Thị Thanh Mai,person-f6e3aa8c6759,1971-11-13,1971-01-01,9,Q47506301,https://www.wikidata.org/wiki/Q47506301,"upgrade 1971-01-01(prec 9) -> 1971-11-13; same year — safe, like Phan Văn Giang"
FIX-SAFE,verify-dob-single-search,Đào Hồng Lan,person-b3ee2fbef5fa,1971-07-23,1971-00-00,9,Q49081097,https://www.wikidata.org/wiki/Q49081097,"upgrade 1971-00-00(prec 9) -> 1971-07-23; same year — safe, like Phan Văn Giang"
FIX-SAFE,verify-dob-single-search,Đặng Thuần Phong,person-6363c4cb1daf,1964-07-08,1964-01-01,9,Q30921582,https://www.wikidata.org/wiki/Q30921582,"upgrade 1964-01-01(prec 9) -> 1964-07-08; same year — safe, like Phan Văn Giang"
FIX-SAFE,verify-dob-single-search,Đặng Xuân Phương,person-8ae901d0aa57,1974-11-25,1974-01-01,9,Q30922070,https://www.wikidata.org/wiki/Q30922070,"upgrade 1974-01-01(prec 9) -> 1974-11-25; same year — safe, like Phan Văn Giang"
FIX-SAFE,verify-dob-single-search,Đỗ Mạnh Hiến,person-cc0b845b9f86,1969-11-10,1969-00-00,9,Q109743824,https://www.wikidata.org/wiki/Q109743824,"upgrade 1969-00-00(prec 9) -> 1969-11-10; same year — safe, like Phan Văn Giang"
FIX-SAFE,verify-dob-single-search,Đỗ Ngọc Thịnh,person-b4d2b1b37b56,1960-01-10,1960-01-01,9,Q30921928,https://www.wikidata.org/wiki/Q30921928,"upgrade 1960-01-01(prec 9) -> 1960-01-10; same year — safe, like Phan Văn Giang"
FIX-SAFE,verify-dob-single-search,Đỗ Quang Thành,person-82ffb7e63ca8,1965-10-19,1965-01-01,9,Q30921906,https://www.wikidata.org/wiki/Q30921906,"upgrade 1965-01-01(prec 9) -> 1965-10-19; same year — safe, like Phan Văn Giang"
FIX-SAFE,verify-dob-single-search,Đỗ Thị Lan,person-e90cd319b5d8,1967-11-17,1967-01-01,9,Q47506364,https://www.wikidata.org/wiki/Q47506364,"upgrade 1967-01-01(prec 9) -> 1967-11-17; same year — safe, like Phan Văn Giang"
FIX-SAFE,verify-dob-single-search,Đỗ Thị Thu Hằng,person-89e40afa2844,1971-06-07,1971-01-01,9,Q30921772,https://www.wikidata.org/wiki/Q30921772,"upgrade 1971-01-01(prec 9) -> 1971-06-07; same year — safe, like Phan Văn Giang"
FIX-SAFE,verify-dob-single-search,Đỗ Tiến Sỹ,person-233c00693447,1965-11-02,1965-01-01,9,Q24957814,https://www.wikidata.org/wiki/Q24957814,"upgrade 1965-01-01(prec 9) -> 1965-11-02; same year — safe, like Phan Văn Giang"
FIX-SAFE,verify-dob-single-search,Đỗ Đức Duy,person-10c498d8f713,1970-05-20,1970-00-00,9,Q30921991,https://www.wikidata.org/wiki/Q30921991,"upgrade 1970-00-00(prec 9) -> 1970-05-20; same year — safe, like Phan Văn Giang"
FIX-SAFE,verify-dob-single-search,Đỗ Đức Hồng Hà,person-8ce51438b513,1969-08-30,1969-01-01,9,Q30921480,https://www.wikidata.org/wiki/Q30921480,"upgrade 1969-01-01(prec 9) -> 1969-08-30; same year — safe, like Phan Văn Giang"
ADD,verify-dob-single-search,Châu Ngọc Tuấn,person-ff5e8ac87d7d,1970-12-28,,,Q109441616,https://www.wikidata.org/wiki/Q109441616,add DOB 1970-12-28 (item has none) — confirms match
ADD,verify-dob-single-search,Hoàng Văn Hữu,person-95b676ce1ed0,1966-05-25,,,Q97166858,https://www.wikidata.org/wiki/Q97166858,add DOB 1966-05-25 (item has none) — confirms match
ADD,verify-dob-single-search,Hà Thị Nga,person-776f22e810f5,1969-02-20,,,Q49054138,https://www.wikidata.org/wiki/Q49054138,add DOB 1969-02-20 (item has none) — confirms match
ADD,verify-dob-single-search,Lâm Văn Mẫn,person-b3ea7087211c,1970-12-10,,,Q49054507,https://www.wikidata.org/wiki/Q49054507,add DOB 1970-12-10 (item has none) — confirms match
ADD,verify-dob-single-search,Lê Khánh Hải,person-fff9da551a59,1966-05-27,,,Q97927041,https://www.wikidata.org/wiki/Q97927041,add DOB 1966-05-27 (item has none) — confirms match
ADD,verify-dob-single-search,Lê Quốc Chỉnh,person-fda628e82d7a,1968-12-01,,,Q109441606,https://www.wikidata.org/wiki/Q109441606,add DOB 1968-12-01 (item has none) — confirms match
ADD,verify-dob-single-search,Lê Thị Song An,person-b911b4c2635a,1977-10-11,,,Q118250874,https://www.wikidata.org/wiki/Q118250874,add DOB 1977-10-11 (item has none) — confirms match
ADD,verify-dob-single-search,Lê Tất Hiếu,person-51b8457c0ff6,1966-08-01,,,Q61130675,https://www.wikidata.org/wiki/Q61130675,add DOB 1966-08-01 (item has none) — confirms match
ADD,verify-dob-single-search,Lê Đào An Xuân,person-0edffd1f0251,1983-01-09,,,Q109439382,https://www.wikidata.org/wiki/Q109439382,add DOB 1983-01-09 (item has none) — confirms match
ADD,verify-dob-single-search,Lý Tiết Hạnh,person-2c6040860c8f,1972-10-30,,,Q30921873,https://www.wikidata.org/wiki/Q30921873,add DOB 1972-10-30 (item has none) — confirms match
ADD,verify-dob-single-search,Lý Văn Huấn,person-b60086ecc471,1971-10-13,,,Q61131865,https://www.wikidata.org/wiki/Q61131865,add DOB 1971-10-13 (item has none) — confirms match
ADD,verify-dob-single-search,Lương Quốc Đoàn,person-e0fd32e1d792,1970-12-21,,,Q109438997,https://www.wikidata.org/wiki/Q109438997,add DOB 1970-12-21 (item has none) — confirms match
ADD,verify-dob-single-search,Nguyễn Hải Trung,person-0311fa69f204,1968-10-06,,,Q61131145,https://www.wikidata.org/wiki/Q61131145,add DOB 1968-10-06 (item has none) — confirms match
ADD,verify-dob-single-pool,Nguyễn Hữu Đông,person-581b2f2abf8e,1972-09-20,,,Q10799203,https://www.wikidata.org/wiki/Q10799203,add DOB 1972-09-20 (item has none) — confirms match
ADD,verify-dob-single-pool,Nguyễn Lâm Thành,person-018f33f0c2ef,1964-07-07,,,Q10799262,https://www.wikidata.org/wiki/Q10799262,add DOB 1964-07-07 (item has none) — confirms match
ADD,verify-dob-single-search,Nguyễn Sỹ Quang,person-7d1e652d3471,1970-02-01,,,Q118251322,https://www.wikidata.org/wiki/Q118251322,add DOB 1970-02-01 (item has none) — confirms match
ADD,verify-dob-single-search,Nguyễn Xuân Dắt,person-f62f07c863a1,1967-01-14,,,Q61129337,https://www.wikidata.org/wiki/Q61129337,add DOB 1967-01-14 (item has none) — confirms match
ADD,verify-dob-single-search,Ngô Văn Tuấn,person-a5cf98282e76,1971-08-02,,,Q109435466,https://www.wikidata.org/wiki/Q109435466,add DOB 1971-08-02 (item has none) — confirms match
ADD,verify-dob-single-search,Phạm Đại Dương,person-8da303b7f1db,1974-02-06,,,Q61132836,https://www.wikidata.org/wiki/Q61132836,add DOB 1974-02-06 (item has none) — confirms match
ADD,verify-dob-single-search,Quản Minh Cường,person-788bd06f1a05,1969-06-26,,,Q118250026,https://www.wikidata.org/wiki/Q118250026,add DOB 1969-06-26 (item has none) — confirms match
ADD,verify-dob-single-search,Trần Công Phàn,person-2dac281d7f91,1960-07-13,,,Q49055020,https://www.wikidata.org/wiki/Q49055020,add DOB 1960-07-13 (item has none) — confirms match
ADD,verify-dob-single-search,Trần Hồng Minh,person-31e392692acf,1967-11-04,,,Q20026217,https://www.wikidata.org/wiki/Q20026217,add DOB 1967-11-04 (item has none) — confirms match
ADD,verify-dob-single-search,Trần Thị Quỳnh,person-921f745fbf4e,1993-01-23,,,Q10829525,https://www.wikidata.org/wiki/Q10829525,add DOB 1993-01-23 (item has none) — confirms match
ADD,verify-dob-single-search,Trần Thị Thu Hằng,person-d345c73ad148,1982-03-11,,,Q89728678,https://www.wikidata.org/wiki/Q89728678,add DOB 1982-03-11 (item has none) — confirms match
ADD,verify-dob-single-search,Trần Đình Chung,person-36b3e5b29275,1967-08-25,,,Q109452118,https://www.wikidata.org/wiki/Q109452118,add DOB 1967-08-25 (item has none) — confirms match
ADD,verify-dob-single-search,Vũ Hải Quân,person-ee81bf561362,1974-08-01,,,Q109440061,https://www.wikidata.org/wiki/Q109440061,add DOB 1974-08-01 (item has none) — confirms match
ADD,verify-dob-single-search,Vũ Hồng Văn,person-0ab7c2f57c50,1976-02-03,,,Q109439518,https://www.wikidata.org/wiki/Q109439518,add DOB 1976-02-03 (item has none) — confirms match
ADD,verify-dob-single-search,Vũ Thanh Chương,person-7eccd5f3fd77,1968-05-09,,,Q86012870,https://www.wikidata.org/wiki/Q86012870,add DOB 1968-05-09 (item has none) — confirms match
ADD,verify-dob-single-search,Vũ Thị Lưu Mai,person-7debdf1a07c0,1972-08-22,,,Q30921502,https://www.wikidata.org/wiki/Q30921502,add DOB 1972-08-22 (item has none) — confirms match
ADD,verify-dob-single-search,Y Thanh Hà Niê Kđăm,person-93dd006a6990,1973-12-23,,,Q65172375,https://www.wikidata.org/wiki/Q65172375,add DOB 1973-12-23 (item has none) — confirms match
ADD,verify-dob-single-search,Đào Chí Nghĩa,person-a59f6ce101d3,1982-06-12,,,Q118251030,https://www.wikidata.org/wiki/Q118251030,add DOB 1982-06-12 (item has none) — confirms match
ADD,verify-dob-single-search,Đỗ Thanh Bình,person-ff956b428900,1967-03-15,,,Q97162445,https://www.wikidata.org/wiki/Q97162445,add DOB 1967-03-15 (item has none) — confirms match
ADD,verify-dob-single-search,Đỗ Văn Yên,person-4ca19919eca7,1968-07-10,,,Q118251176,https://www.wikidata.org/wiki/Q118251176,add DOB 1968-07-10 (item has none) — confirms match
MATCH,verify-dob-single-pool,Phan Văn Giang,person-03d90edf2989,1960-10-14,1960-10-14,11,Q20026119,https://www.wikidata.org/wiki/Q20026119,"DOB already equal — record, no edit needed"
CONFLICT-YEAR,verify-dob-single-search,Chẩu Văn Lâm,person-9ed85f9357db,1967-04-16,1968-01-01,9,Q30921973,https://www.wikidata.org/wiki/Q30921973,item year 1968 vs ours 1967 — investigate before changing
CONFLICT-YEAR,verify-dob-single-search,Lã Thanh Tân,person-b5e16ddebf5b,1967-10-02,1968-01-01,9,Q30921638,https://www.wikidata.org/wiki/Q30921638,item year 1968 vs ours 1967 — investigate before changing
CONFLICT-YEAR,verify-dob-single-pool,Lê Mạnh Hùng,person-64ba6ae04ef9,1973-10-24,1950-01-01,9,Q10787743,https://www.wikidata.org/wiki/Q10787743,item year 1950 vs ours 1973 — investigate before changing
CONFLICT-YEAR,verify-dob-single-pool,Lê Thanh Phong,person-97361cf901c7,1967-10-06,1950-01-01,9,Q10787816,https://www.wikidata.org/wiki/Q10787816,item year 1950 vs ours 1967 — investigate before changing
CONFLICT-YEAR,verify-dob-single-pool,Lê Thành Long,person-d3aa68dd45b8,1963-09-23,1946-01-01,9,Q10787813,https://www.wikidata.org/wiki/Q10787813,item year 1946 vs ours 1963 — investigate before changing
CONFLICT-YEAR,verify-dob-single-pool,Lê Văn Cường,person-57fcfd8251d8,1978-08-28,1951-01-01,9,Q10787906,https://www.wikidata.org/wiki/Q10787906,item year 1951 vs ours 1978 — investigate before changing
CONFLICT-YEAR,verify-dob-single-search,Lưu Văn Đức,person-7c68c8e56950,1967-02-18,1968-01-01,9,Q30922071,https://www.wikidata.org/wiki/Q30922071,item year 1968 vs ours 1967 — investigate before changing
CONFLICT-YEAR,verify-dob-single-search,Mai Khanh,person-58c729d0329f,1975-10-22,1974-01-01,9,Q47506335,https://www.wikidata.org/wiki/Q47506335,item year 1974 vs ours 1975 — investigate before changing
CONFLICT-YEAR,verify-dob-single-pool,Nguyễn Hồng Diên,person-d3edd5d9d4c7,1965-03-16,1958-00-00,9,Q10799140,https://www.wikidata.org/wiki/Q10799140,item year 1958 vs ours 1965 — investigate before changing
CONFLICT-YEAR,verify-dob-single-pool,Nguyễn Kim Sơn,person-c3b24a92704c,1966-11-18,1951-01-01,9,Q10799246,https://www.wikidata.org/wiki/Q10799246,item year 1951 vs ours 1966 — investigate before changing
CONFLICT-YEAR,verify-dob-single-search,Nguyễn Ngọc Bảo,person-aeb1c1d406d0,1967-06-16,1968-01-01,9,Q30924029,https://www.wikidata.org/wiki/Q30924029,item year 1968 vs ours 1967 — investigate before changing
CONFLICT-YEAR,verify-dob-single-search,Nguyễn Thanh Sang,person-bf29c18a30c8,1969-10-09,1926-00-00,9,Q20026001,https://www.wikidata.org/wiki/Q20026001,item year 1926 vs ours 1969 — investigate before changing
CONFLICT-YEAR,verify-dob-single-pool,Nguyễn Thành Nam,person-e6991323a879,1966-08-13,1958-01-01,9,Q10799490,https://www.wikidata.org/wiki/Q10799490,item year 1958 vs ours 1966 — investigate before changing
CONFLICT-YEAR,verify-dob-single-pool,Nguyễn Thị Huế,person-ef37460f9395,1984-01-04,1967-01-01,9,Q10799613,https://www.wikidata.org/wiki/Q10799613,item year 1967 vs ours 1984 — investigate before changing
CONFLICT-YEAR,verify-dob-single-search,Nguyễn Thị Hồng Hạnh,person-bbee9c8262d9,1974-01-11,1950-00-00,7,Q85866722,https://www.wikidata.org/wiki/Q85866722,item year 1950 vs ours 1974 — investigate before changing
CONFLICT-YEAR,verify-dob-single-pool,Nguyễn Thị Kim Thúy,person-1ee3626e08ab,1967-09-11,1968-01-01,9,Q10799642,https://www.wikidata.org/wiki/Q10799642,item year 1968 vs ours 1967 — investigate before changing
CONFLICT-YEAR,verify-dob-single-pool,Nguyễn Thị Lan,person-381ebff74c3d,1974-05-10,1959-01-01,9,Q10799644,https://www.wikidata.org/wiki/Q10799644,item year 1959 vs ours 1974 — investigate before changing
CONFLICT-YEAR,verify-dob-single-pool,Nguyễn Thị Mai Hoa,person-712837e5013e,1967-04-22,1968-01-01,9,Q10799656,https://www.wikidata.org/wiki/Q10799656,item year 1968 vs ours 1967 — investigate before changing
CONFLICT-YEAR,verify-dob-single-pool,Nguyễn Thị Thu Thủy,person-1d4305a75bbe,1976-08-07,1957-01-01,9,Q10799712,https://www.wikidata.org/wiki/Q10799712,item year 1957 vs ours 1976 — investigate before changing
CONFLICT-YEAR,verify-dob-single-pool,Nguyễn Văn Thuận,person-81c6d5c17701,1965-12-08,1952-01-01,9,Q10799983,https://www.wikidata.org/wiki/Q10799983,item year 1952 vs ours 1965 — investigate before changing
CONFLICT-YEAR,verify-dob-single-pool,Nguyễn Văn Thuận,person-e16632e06f7f,1958-01-15,1952-01-01,9,Q10799983,https://www.wikidata.org/wiki/Q10799983,item year 1952 vs ours 1958 — investigate before changing
CONFLICT-YEAR,verify-dob-single-pool,Nguyễn Văn Thân,person-cbdd3451fc4f,1955-02-02,1945-01-01,9,Q10799987,https://www.wikidata.org/wiki/Q10799987,item year 1945 vs ours 1955 — investigate before changing
CONFLICT-YEAR,verify-dob-single-pool,Nguyễn Đức Dũng,person-1abb82358ec4,1967-08-04,1949-01-01,9,Q10800170,https://www.wikidata.org/wiki/Q10800170,item year 1949 vs ours 1967 — investigate before changing
CONFLICT-YEAR,verify-dob-single-search,Trần Chí Cường,person-733804d6dfce,1973-02-15,1926-00-00,9,Q107432648,https://www.wikidata.org/wiki/Q107432648,item year 1926 vs ours 1973 — investigate before changing
CONFLICT-YEAR,verify-dob-single-pool,Trần Văn Thức,person-862733b50268,1969-12-20,1952-01-01,9,Q10829626,https://www.wikidata.org/wiki/Q10829626,item year 1952 vs ours 1969 — investigate before changing
CONFLICT-YEAR,verify-dob-single-search,Vũ Xuân Hùng,person-7c0146724b06,1967-05-06,1968-01-01,9,Q30921677,https://www.wikidata.org/wiki/Q30921677,item year 1968 vs ours 1967 — investigate before changing
CONFLICT-YEAR,verify-dob-single-pool,Vương Đình Huệ,person-18ffe7a6e7bd,1957-03-15,1958-01-01,9,Q2595973,https://www.wikidata.org/wiki/Q2595973,item year 1958 vs ours 1957 — investigate before changing
CONFLICT-DAY,verify-dob-single-search,Cao Mạnh Linh,person-5c7697c8eb8f,1982-01-23,1982-11-23,11,Q117000848,https://www.wikidata.org/wiki/Q117000848,item 1982-11-23 vs ours 1982-01-23 (both day-precision) — investigate
CONFLICT-DAY,verify-dob-single-search,Hồ Thị Kim Ngân,person-17e7d99c5a9f,1978-03-02,2001-02-11,11,Q99504010,https://www.wikidata.org/wiki/Q99504010,item 2001-02-11 vs ours 1978-03-02 (both day-precision) — investigate
CONFLICT-DAY,verify-dob-single-pool,Lê Văn Dũng,person-5da5bc0aa4bc,1966-10-20,1945-12-25,11,Q10787909,https://www.wikidata.org/wiki/Q10787909,item 1945-12-25 vs ours 1966-10-20 (both day-precision) — investigate
CONFLICT-DAY,verify-dob-single-pool,Nguyễn Thị Thu Hà,person-81b2ed6d3048,1978-02-04,1970-05-27,11,Q10799708,https://www.wikidata.org/wiki/Q10799708,item 1970-05-27 vs ours 1978-02-04 (both day-precision) — investigate
CONFLICT-DAY,verify-dob-single-pool,Nguyễn Thanh Hải,person-2a28c0679e9e,1972-11-30,1970-10-02,11,Q10799486,https://www.wikidata.org/wiki/Q10799486,item 1970-10-02 vs ours 1972-11-30 (both day-precision) — investigate
CONFLICT-DAY,verify-dob-single-pool,Nguyễn Thanh Hải,person-4bbb98ebbd41,1972-05-21,1970-10-02,11,Q10799486,https://www.wikidata.org/wiki/Q10799486,item 1970-10-02 vs ours 1972-05-21 (both day-precision) — investigate
CONFLICT-DAY,verify-dob-single-pool,Nguyễn Thanh Phong,person-9e2b7bfa9478,1976-05-21,1962-07-23,11,Q10799539,https://www.wikidata.org/wiki/Q10799539,item 1962-07-23 vs ours 1976-05-21 (both day-precision) — investigate
CONFLICT-DAY,verify-dob-single-pool,Nguyễn Tân Cương,person-9297aee0db0c,1966-02-12,1966-02-11,11,Q20025996,https://www.wikidata.org/wiki/Q20025996,item 1966-02-11 vs ours 1966-02-12 (both day-precision) — investigate
CONFLICT-DAY,verify-dob-single-pool,Nguyễn Tạo,person-376b6e952e68,1963-06-16,1905-11-11,11,Q130386977,https://www.wikidata.org/wiki/Q130386977,item 1905-11-11 vs ours 1963-06-16 (both day-precision) — investigate
CONFLICT-DAY,verify-dob-single-pool,Nguyễn Vân Chi,person-c357b9f579a5,1966-09-17,1945-07-28,11,Q10799877,https://www.wikidata.org/wiki/Q10799877,item 1945-07-28 vs ours 1966-09-17 (both day-precision) — investigate
CONFLICT-DAY,verify-dob-single-pool,Nguyễn Văn Hùng,person-f9ade70d0db6,1961-04-20,1958-08-19,11,Q10799911,https://www.wikidata.org/wiki/Q10799911,item 1958-08-19 vs ours 1961-04-20 (both day-precision) — investigate
CONFLICT-DAY,verify-dob-single-search,Nguyễn Đăng Khải,person-c82b5012c984,1966-09-02,1997-11-21,11,Q135880354,https://www.wikidata.org/wiki/Q135880354,item 1997-11-21 vs ours 1966-09-02 (both day-precision) — investigate
CONFLICT-DAY,verify-dob-single-search,Ngô Hoàng Ngân,person-34c3b35e06e2,1966-05-25,1966-06-25,11,Q116976058,https://www.wikidata.org/wiki/Q116976058,item 1966-06-25 vs ours 1966-05-25 (both day-precision) — investigate
CONFLICT-DAY,verify-dob-single-search,Trần Nhật Minh,person-a61c274a07ef,1970-04-09,1981-09-22,11,Q124713979,https://www.wikidata.org/wiki/Q124713979,item 1981-09-22 vs ours 1970-04-09 (both day-precision) — investigate
CONFLICT-DAY,verify-dob-single-search,Trần Việt Anh,person-701e3f237fdc,1975-10-22,1975-11-22,11,Q116825814,https://www.wikidata.org/wiki/Q116825814,item 1975-11-22 vs ours 1975-10-22 (both day-precision) — investigate
CONFLICT-DAY,verify-dob-single-pool,Trần Văn Tuấn,person-a9276db99138,1970-06-03,1950-02-10,11,Q10829633,https://www.wikidata.org/wiki/Q10829633,item 1950-02-10 vs ours 1970-06-03 (both day-precision) — investigate
